ts_utc,n_samples,n_out_of_range,solar_v_avg,solar_v_max,solar2_v_avg,solar2_v_max,solar3_v_avg,solar3_v_max,battery_v_avg,battery_v_min,battery_v_max,battery2_v_min,battery2_v_max,lipo_v_avg,lipo_v_min,lipo_v_max,lipo2_v_avg,lipo2_v_min,lipo2_v_max,current_a_avg,current_a_chA_avg,current_a_chB_avg,current2_a_avg,power_w_avg,power_w_max,load_v_avg,load1_v_avg,load2_v_avg,wind_v_avg,temp_c_avg,temp_c_min,temp_c_max,voltage_adc_avg,digital_adc_avg,energy_wh,boot_count_min,boot_count_max,solar_v_n_oor,solar2_v_n_oor,solar3_v_n_oor,battery_v_n_oor,battery2_v_n_oor,lipo_v_n_oor,lipo2_v_n_oor,current_a_n_oor,current_a_chA_n_oor,current_a_chB_n_oor,current2_a_n_oor,power_w_n_oor,load_v_n_oor,load1_v_n_oor,load2_v_n_oor,temp_c_n_oor,scaled_channels
2020-05-30T06:00:00Z,1.0,1.0,34.034,34.034,,,,,2.085,2.085,2.085,,,0.001,0.001,0.001,,,,,797.0,440.0,,,,4.154,,,0.0,,,,,,,,,1.0,0.0,0.0,1.0,0.0,1.0,0.0,0.0,1.0,1.0,0.0,0.0,1.0,0.0,0.0,0.0,"solar_v,battery_v,load_v,lipo_v"
2020-06-05T00:00:00Z,1.0,1.0,1.945,1.945,,,,,3.056,3.056,3.056,,,4.19,4.19,4.19,,,,,2870.0,2722.0,,,,2.99,,,563.0,,,,,,,97.0,97.0,1.0,0.0,0.0,1.0,0.0,1.0,0.0,0.0,1.0,1.0,0.0,0.0,1.0,0.0,0.0,0.0,"solar_v,battery_v,load_v,lipo_v"
2020-06-05T03:00:00Z,3.0,3.0,2.155,2.464,,,,,2.723,2.039,3.074,,,1.414,0.001,4.238,,,,,2886.667,2732.0,,,,5.202,,,1272.667,,,,,,,1.0,1.0,3.0,0.0,0.0,3.0,0.0,3.0,0.0,0.0,3.0,3.0,0.0,0.0,3.0,0.0,0.0,0.0,"solar_v,battery_v,load_v,lipo_v"
2020-06-05T04:00:00Z,5.0,5.0,12.765,13.178,,,,,12.391,11.9,12.699,,,5.177,4.212,6.6,,,,,974.8,1110.4,,,,3.3,,,1746.2,,,,,,,1.0,2.0,5.0,0.0,0.0,5.0,0.0,5.0,0.0,0.0,5.0,5.0,0.0,0.0,5.0,0.0,0.0,0.0,"solar_v,battery_v,load_v,lipo_v"
2020-06-05T08:00:00Z,3.0,3.0,1.952,2.011,,,,,2.199,2.039,2.293,,,5.813,4.238,6.6,,,,,2883.333,2731.333,,,,3.204,,,2281.667,,,,,,,1.0,6.0,3.0,0.0,0.0,3.0,0.0,3.0,0.0,0.0,3.0,3.0,0.0,0.0,3.0,0.0,0.0,0.0,"solar_v,battery_v,load_v,lipo_v"
2020-06-05T09:00:00Z,56.0,56.0,6.188,12.586,,,,,6.244,1.917,12.473,,,4.192,4.166,4.242,,,,,2059.911,2055.661,,,,3.127,,,732.429,,,,,,,2.0,59.0,56.0,0.0,0.0,56.0,0.0,56.0,0.0,0.0,56.0,56.0,0.0,0.0,56.0,0.0,0.0,0.0,"solar_v,battery_v,load_v,lipo_v"
2020-06-05T10:00:00Z,56.0,56.0,6.436,15.171,,,,,6.126,1.861,11.815,,,4.174,4.156,4.186,,,,,2025.821,1841.0,,,,2.964,,,668.304,,,,,,,61.0,117.0,56.0,0.0,0.0,56.0,0.0,56.0,0.0,0.0,56.0,52.0,0.0,0.0,56.0,0.0,0.0,0.0,"solar_v,battery_v,load_v,lipo_v"
2020-06-05T11:00:00Z,55.0,55.0,1.017,11.11,,,,,10.795,10.64,10.941,,,4.164,4.15,4.182,,,,,1057.091,1057.818,,,,2.237,,,444.564,,,,,,,119.0,174.0,12.0,0.0,0.0,55.0,0.0,55.0,0.0,0.0,55.0,55.0,0.0,0.0,55.0,0.0,0.0,0.0,"solar_v,battery_v,load_v,lipo_v"
2020-06-05T12:00:00Z,57.0,57.0,0.0,0.0,,,,,10.684,10.49,11.693,,,4.156,4.136,4.174,,,,,1056.351,1056.614,,,,2.269,,,455.877,,,,,,,175.0,232.0,0.0,0.0,0.0,57.0,0.0,57.0,0.0,0.0,57.0,57.0,0.0,0.0,57.0,0.0,0.0,0.0,"solar_v,battery_v,load_v,lipo_v"
2020-06-05T13:00:00Z,57.0,57.0,0.0,0.0,,,,,11.701,11.59,11.815,,,4.151,4.134,4.17,,,,,974.632,975.789,,,,3.3,,,951.123,,,,,,,233.0,290.0,0.0,0.0,0.0,57.0,0.0,57.0,0.0,0.0,57.0,57.0,0.0,0.0,57.0,0.0,0.0,0.0,"solar_v,battery_v,load_v,lipo_v"
2020-06-05T14:00:00Z,57.0,57.0,0.0,0.0,,,,,11.731,11.599,11.834,,,4.143,4.132,4.16,,,,,973.526,975.509,,,,3.3,,,951.421,,,,,,,291.0,347.0,0.0,0.0,0.0,57.0,0.0,57.0,0.0,0.0,57.0,57.0,0.0,0.0,57.0,0.0,0.0,0.0,"solar_v,battery_v,load_v,lipo_v"
2020-06-05T15:00:00Z,57.0,57.0,0.0,0.0,,,,,11.738,11.627,11.844,,,4.138,4.128,4.156,,,,,972.912,974.649,,,,3.3,,,950.807,,,,,,,348.0,405.0,0.0,0.0,0.0,57.0,0.0,57.0,0.0,0.0,57.0,57.0,0.0,0.0,57.0,0.0,0.0,0.0,"solar_v,battery_v,load_v,lipo_v"
2020-06-05T16:00:00Z,56.0,56.0,0.0,0.0,,,,,11.759,11.646,11.853,,,4.134,4.12,4.146,,,,,970.786,972.911,,,,3.3,,,951.196,,,,,,,407.0,463.0,0.0,0.0,0.0,56.0,0.0,56.0,0.0,0.0,56.0,56.0,0.0,0.0,56.0,0.0,0.0,0.0,"solar_v,battery_v,load_v,lipo_v"
2020-06-05T17:00:00Z,55.0,55.0,0.0,0.0,,,,,11.763,11.656,11.853,,,4.129,4.116,4.14,,,,,970.291,972.836,,,,3.3,,,951.091,,,,,,,464.0,520.0,0.0,0.0,0.0,55.0,0.0,55.0,0.0,0.0,55.0,55.0,0.0,0.0,55.0,0.0,0.0,0.0,"solar_v,battery_v,load_v,lipo_v"
2020-06-05T18:00:00Z,56.0,56.0,0.0,0.0,,,,,11.79,11.665,11.853,,,4.122,4.11,4.134,,,,,965.857,968.732,,,,3.3,,,949.571,,,,,,,522.0,578.0,0.0,0.0,0.0,56.0,0.0,56.0,0.0,0.0,56.0,56.0,0.0,0.0,56.0,0.0,0.0,0.0,"solar_v,battery_v,load_v,lipo_v"
2020-06-05T19:00:00Z,55.0,55.0,0.0,0.0,,,,,11.816,11.656,11.853,,,4.116,4.104,4.132,,,,,962.927,966.436,,,,3.3,,,950.309,,,,,,,579.0,635.0,0.0,0.0,0.0,55.0,0.0,55.0,0.0,0.0,55.0,55.0,0.0,0.0,55.0,0.0,0.0,0.0,"solar_v,battery_v,load_v,lipo_v"
2020-06-05T20:00:00Z,58.0,58.0,0.0,0.0,,,,,11.816,11.721,11.853,,,4.112,4.102,4.13,,,,,963.034,967.103,,,,3.3,,,951.552,,,,,,,636.0,693.0,0.0,0.0,0.0,58.0,0.0,58.0,0.0,0.0,58.0,58.0,0.0,0.0,58.0,0.0,0.0,0.0,"solar_v,battery_v,load_v,lipo_v"
2020-06-05T21:00:00Z,58.0,58.0,0.0,0.0,,,,,11.781,11.665,11.853,,,4.109,4.096,4.128,,,,,965.948,968.655,,,,3.3,,,951.034,,,,,,,694.0,751.0,0.0,0.0,0.0,58.0,0.0,58.0,0.0,0.0,58.0,58.0,0.0,0.0,58.0,0.0,0.0,0.0,"solar_v,battery_v,load_v,lipo_v"
2020-06-05T22:00:00Z,58.0,58.0,6.082,12.614,,,,,11.776,11.665,11.853,,,4.106,4.094,4.124,,,,,966.966,973.862,,,,3.3,,,951.914,,,,,,,752.0,809.0,46.0,0.0,0.0,58.0,0.0,58.0,0.0,0.0,58.0,58.0,0.0,0.0,58.0,0.0,0.0,0.0,"solar_v,battery_v,load_v,lipo_v"
2020-06-05T23:00:00Z,55.0,55.0,12.278,12.831,,,,,11.859,11.712,12.05,,,4.103,4.09,4.116,,,,,964.982,991.182,,,,3.3,,,950.8,,,,,,,810.0,866.0,55.0,0.0,0.0,55.0,0.0,55.0,0.0,0.0,55.0,55.0,0.0,0.0,55.0,0.0,0.0,0.0,"solar_v,battery_v,load_v,lipo_v"
2020-06-06T00:00:00Z,57.0,57.0,12.549,13.197,,,,,12.125,11.881,12.342,,,4.1,4.088,4.114,,,,,954.982,1023.509,,,,3.3,,,949.526,,,,,,,867.0,924.0,57.0,0.0,0.0,57.0,0.0,57.0,0.0,0.0,57.0,57.0,0.0,0.0,57.0,0.0,0.0,0.0,"solar_v,battery_v,load_v,lipo_v"
2020-06-06T01:00:00Z,58.0,58.0,13.086,13.912,,,,,12.6,12.238,13.075,,,4.097,4.08,4.11,,,,,925.431,1088.5,,,,3.3,,,939.672,,,,,,,925.0,982.0,58.0,0.0,0.0,58.0,0.0,58.0,0.0,0.0,58.0,58.0,0.0,0.0,58.0,0.0,0.0,0.0,"solar_v,battery_v,load_v,lipo_v"
2020-06-06T02:00:00Z,55.0,55.0,11.814,14.081,,,,,11.454,10.828,13.113,,,4.088,4.078,4.104,,,,,1021.455,1185.091,,,,2.356,,,508.127,,,,,,,983.0,1039.0,55.0,0.0,0.0,55.0,0.0,55.0,0.0,0.0,55.0,55.0,0.0,0.0,55.0,0.0,0.0,0.0,"solar_v,battery_v,load_v,lipo_v"
2020-06-06T03:00:00Z,57.0,57.0,11.653,12.943,,,,,11.253,10.772,12.069,,,4.088,4.078,4.104,,,,,1044.158,1226.246,,,,2.191,,,436.965,,,,,,,1040.0,1097.0,57.0,0.0,0.0,57.0,0.0,57.0,0.0,0.0,57.0,57.0,0.0,0.0,57.0,0.0,0.0,0.0,"solar_v,battery_v,load_v,lipo_v"
2020-06-06T04:00:00Z,55.0,55.0,11.388,12.614,,,,,11.021,10.678,11.806,,,4.087,4.078,4.104,,,,,1048.291,1183.927,,,,2.216,,,441.345,,,,,,,1098.0,1155.0,55.0,0.0,0.0,55.0,0.0,55.0,0.0,0.0,55.0,55.0,0.0,0.0,55.0,0.0,0.0,0.0,"solar_v,battery_v,load_v,lipo_v"
2020-06-06T05:00:00Z,58.0,58.0,11.503,12.483,,,,,11.151,10.734,11.75,,,4.084,4.074,4.1,,,,,1047.828,1245.552,,,,2.201,,,438.448,,,,,,,1156.0,1213.0,58.0,0.0,0.0,58.0,0.0,58.0,0.0,0.0,58.0,58.0,0.0,0.0,58.0,0.0,0.0,0.0,"solar_v,battery_v,load_v,lipo_v"
2020-06-06T06:00:00Z,57.0,57.0,11.564,12.633,,,,,11.219,10.65,11.994,,,4.083,4.074,4.096,,,,,1048.035,1265.491,,,,2.194,,,437.456,,,,,,,1214.0,1270.0,57.0,0.0,0.0,57.0,0.0,57.0,0.0,0.0,57.0,57.0,0.0,0.0,57.0,0.0,0.0,0.0,"solar_v,battery_v,load_v,lipo_v"
2020-06-06T07:00:00Z,56.0,56.0,11.517,12.417,,,,,11.227,10.706,11.872,,,4.08,4.07,4.096,,,,,1047.089,1250.25,,,,2.195,,,437.893,,,,,,,1271.0,1328.0,56.0,0.0,0.0,56.0,0.0,56.0,0.0,0.0,56.0,56.0,0.0,0.0,56.0,0.0,0.0,0.0,"solar_v,battery_v,load_v,lipo_v"
2020-06-06T08:00:00Z,58.0,58.0,11.69,12.972,,,,,11.274,10.565,12.116,,,4.081,4.07,4.096,,,,,1019.552,1123.276,,,,2.618,,,626.759,,,,,,,1329.0,1386.0,58.0,0.0,0.0,58.0,0.0,58.0,0.0,0.0,58.0,58.0,0.0,0.0,58.0,0.0,0.0,0.0,"solar_v,battery_v,load_v,lipo_v"
2020-06-06T09:00:00Z,55.0,55.0,12.232,12.746,,,,,11.828,11.712,11.975,,,4.081,4.07,4.096,,,,,969.836,980.873,,,,3.3,,,949.764,,,,,,,1388.0,1443.0,55.0,0.0,0.0,55.0,0.0,55.0,0.0,0.0,55.0,55.0,0.0,0.0,55.0,0.0,0.0,0.0,"solar_v,battery_v,load_v,lipo_v"
2020-06-06T10:00:00Z,56.0,56.0,11.777,12.671,,,,,11.818,11.721,11.9,,,4.078,4.064,4.09,,,,,968.732,977.286,,,,3.3,,,949.911,,,,,,,1444.0,1501.0,56.0,0.0,0.0,56.0,0.0,56.0,0.0,0.0,56.0,56.0,0.0,0.0,56.0,0.0,0.0,0.0,"solar_v,battery_v,load_v,lipo_v"
2020-06-06T11:00:00Z,58.0,58.0,0.795,4.38,,,,,11.811,11.712,11.862,,,4.076,4.064,4.09,,,,,966.879,969.586,,,,3.3,,,949.81,,,,,,,1502.0,1559.0,22.0,0.0,0.0,58.0,0.0,58.0,0.0,0.0,58.0,58.0,0.0,0.0,58.0,0.0,0.0,0.0,"solar_v,battery_v,load_v,lipo_v"
2020-06-06T12:00:00Z,57.0,57.0,0.0,0.0,,,,,11.813,11.712,11.872,,,4.075,4.06,4.088,,,,,964.754,967.0,,,,3.3,,,948.895,,,,,,,1560.0,1616.0,0.0,0.0,0.0,57.0,0.0,57.0,0.0,0.0,57.0,57.0,0.0,0.0,57.0,0.0,0.0,0.0,"solar_v,battery_v,load_v,lipo_v"
2020-06-06T13:00:00Z,58.0,58.0,0.0,0.0,,,,,11.804,11.712,11.853,,,4.073,4.062,4.084,,,,,965.069,966.828,,,,3.3,,,947.983,,,,,,,1617.0,1674.0,0.0,0.0,0.0,58.0,0.0,58.0,0.0,0.0,58.0,58.0,0.0,0.0,58.0,0.0,0.0,0.0,"solar_v,battery_v,load_v,lipo_v"
2020-06-06T14:00:00Z,58.0,58.0,0.0,0.0,,,,,11.799,11.703,11.853,,,4.071,4.06,4.084,,,,,964.466,966.293,,,,3.3,,,948.259,,,,,,,1675.0,1732.0,0.0,0.0,0.0,58.0,0.0,58.0,0.0,0.0,58.0,58.0,0.0,0.0,58.0,0.0,0.0,0.0,"solar_v,battery_v,load_v,lipo_v"
2020-06-06T15:00:00Z,57.0,57.0,0.0,0.0,,,,,11.8,11.684,11.862,,,4.071,4.058,4.082,,,,,963.386,965.702,,,,3.3,,,948.614,,,,,,,1733.0,1790.0,0.0,0.0,0.0,57.0,0.0,57.0,0.0,0.0,57.0,57.0,0.0,0.0,57.0,0.0,0.0,0.0,"solar_v,battery_v,load_v,lipo_v"
2020-06-06T16:00:00Z,56.0,56.0,0.0,0.0,,,,,11.791,11.693,11.853,,,4.07,4.058,4.08,,,,,963.911,965.714,,,,3.3,,,948.036,,,,,,,1791.0,1847.0,0.0,0.0,0.0,56.0,0.0,56.0,0.0,0.0,56.0,56.0,0.0,0.0,56.0,0.0,0.0,0.0,"solar_v,battery_v,load_v,lipo_v"
2020-06-06T17:00:00Z,58.0,58.0,0.0,0.0,,,,,11.81,11.721,11.853,,,4.067,4.054,4.08,,,,,961.448,963.966,,,,3.3,,,949.052,,,,,,,1848.0,1905.0,0.0,0.0,0.0,58.0,0.0,58.0,0.0,0.0,58.0,58.0,0.0,0.0,58.0,0.0,0.0,0.0,"solar_v,battery_v,load_v,lipo_v"
2020-06-06T18:00:00Z,58.0,58.0,0.0,0.0,,,,,11.782,11.693,11.853,,,4.068,4.054,4.08,,,,,963.207,965.621,,,,3.3,,,948.466,,,,,,,1906.0,1963.0,0.0,0.0,0.0,58.0,0.0,58.0,0.0,0.0,58.0,58.0,0.0,0.0,58.0,0.0,0.0,0.0,"solar_v,battery_v,load_v,lipo_v"
2020-06-06T19:00:00Z,58.0,58.0,0.0,0.0,,,,,11.795,11.674,11.853,,,4.066,4.05,4.078,,,,,961.414,963.638,,,,3.3,,,947.914,,,,,,,1964.0,2021.0,0.0,0.0,0.0,58.0,0.0,58.0,0.0,0.0,58.0,58.0,0.0,0.0,58.0,0.0,0.0,0.0,"solar_v,battery_v,load_v,lipo_v"
2020-06-06T20:00:00Z,57.0,57.0,0.0,0.0,,,,,11.794,11.703,11.853,,,4.063,4.05,4.078,,,,,960.632,962.509,,,,3.3,,,947.737,,,,,,,2022.0,2078.0,0.0,0.0,0.0,57.0,0.0,57.0,0.0,0.0,57.0,57.0,0.0,0.0,57.0,0.0,0.0,0.0,"solar_v,battery_v,load_v,lipo_v"
2020-06-06T21:00:00Z,58.0,58.0,0.0,0.0,,,,,11.782,11.684,11.853,,,4.064,4.05,4.078,,,,,961.517,962.552,,,,3.3,,,947.362,,,,,,,2079.0,2136.0,0.0,0.0,0.0,58.0,0.0,58.0,0.0,0.0,58.0,58.0,0.0,0.0,58.0,0.0,0.0,0.0,"solar_v,battery_v,load_v,lipo_v"
2020-06-06T22:00:00Z,58.0,58.0,6.43,12.614,,,,,11.786,11.674,11.853,,,4.063,4.048,4.078,,,,,961.776,968.448,,,,3.3,,,948.621,,,,,,,2137.0,2194.0,46.0,0.0,0.0,58.0,0.0,58.0,0.0,0.0,58.0,58.0,0.0,0.0,58.0,0.0,0.0,0.0,"solar_v,battery_v,load_v,lipo_v"
2020-06-06T23:00:00Z,58.0,58.0,12.344,12.831,,,,,11.901,11.721,12.032,,,4.06,4.048,4.078,,,,,958.638,983.017,,,,3.3,,,948.31,,,,,,,2195.0,2252.0,58.0,0.0,0.0,58.0,0.0,58.0,0.0,0.0,58.0,58.0,0.0,0.0,58.0,0.0,0.0,0.0,"solar_v,battery_v,load_v,lipo_v"
2020-06-07T00:00:00Z,58.0,58.0,12.658,13.216,,,,,12.187,11.947,12.436,,,4.06,4.044,4.076,,,,,950.0,1014.293,,,,3.3,,,946.034,,,,,,,2253.0,2310.0,58.0,0.0,0.0,58.0,0.0,58.0,0.0,0.0,58.0,58.0,0.0,0.0,58.0,0.0,0.0,0.0,"solar_v,battery_v,load_v,lipo_v"
2020-06-07T01:00:00Z,57.0,57.0,13.201,13.959,,,,,12.688,12.342,13.019,,,4.058,4.044,4.076,,,,,921.035,1072.509,,,,3.3,,,937.228,,,,,,,2311.0,2367.0,57.0,0.0,0.0,57.0,0.0,57.0,0.0,0.0,57.0,57.0,0.0,0.0,57.0,0.0,0.0,0.0,"solar_v,battery_v,load_v,lipo_v"
2020-06-07T02:00:00Z,58.0,58.0,11.959,13.752,,,,,11.548,10.8,13.084,,,4.054,4.038,4.074,,,,,1025.776,1229.328,,,,2.315,,,494.466,,,,,,,2368.0,2425.0,58.0,0.0,0.0,58.0,0.0,58.0,0.0,0.0,58.0,58.0,0.0,0.0,58.0,0.0,0.0,0.0,"solar_v,battery_v,load_v,lipo_v"
2020-06-07T03:00:00Z,58.0,58.0,11.851,12.84,,,,,11.399,10.781,12.041,,,4.054,4.038,4.068,,,,,1042.19,1266.397,,,,2.177,,,434.517,,,,,,,2426.0,2483.0,58.0,0.0,0.0,58.0,0.0,58.0,0.0,0.0,58.0,58.0,0.0,0.0,58.0,0.0,0.0,0.0,"solar_v,battery_v,load_v,lipo_v"
2020-06-07T04:00:00Z,57.0,57.0,12.35,13.084,,,,,11.883,11.082,12.173,,,4.052,4.036,4.064,,,,,1036.474,1373.526,,,,2.125,,,426.614,,,,,,,2484.0,2540.0,57.0,0.0,0.0,57.0,0.0,57.0,0.0,0.0,57.0,57.0,0.0,0.0,57.0,0.0,0.0,0.0,"solar_v,battery_v,load_v,lipo_v"
2020-06-07T05:00:00Z,58.0,58.0,12.398,13.094,,,,,11.978,11.054,12.238,,,4.052,4.038,4.068,,,,,1037.638,1387.5,,,,2.116,,,425.276,,,,,,,2541.0,2598.0,58.0,0.0,0.0,58.0,0.0,58.0,0.0,0.0,58.0,58.0,0.0,0.0,58.0,0.0,0.0,0.0,"solar_v,battery_v,load_v,lipo_v"
2020-06-07T06:00:00Z,58.0,58.0,12.354,13.131,,,,,11.959,11.016,12.304,,,4.05,4.034,4.064,,,,,1038.224,1369.983,,,,2.118,,,425.948,,,,,,,2599.0,2656.0,58.0,0.0,0.0,58.0,0.0,58.0,0.0,0.0,58.0,58.0,0.0,0.0,58.0,0.0,0.0,0.0,"solar_v,battery_v,load_v,lipo_v"
2020-06-07T07:00:00Z,58.0,58.0,11.504,12.849,,,,,11.186,10.922,12.126,,,4.049,4.034,4.064,,,,,1048.379,1162.741,,,,2.201,,,438.621,,,,,,,2657.0,2714.0,58.0,0.0,0.0,58.0,0.0,58.0,0.0,0.0,58.0,58.0,0.0,0.0,58.0,0.0,0.0,0.0,"solar_v,battery_v,load_v,lipo_v"
2020-06-07T08:00:00Z,56.0,56.0,11.305,12.342,,,,,10.987,10.781,11.515,,,4.051,4.034,4.064,,,,,1051.393,1144.643,,,,2.219,,,441.429,,,,,,,2715.0,2771.0,56.0,0.0,0.0,56.0,0.0,56.0,0.0,0.0,56.0,56.0,0.0,0.0,56.0,0.0,0.0,0.0,"solar_v,battery_v,load_v,lipo_v"
2020-06-07T09:00:00Z,58.0,58.0,11.125,12.586,,,,,10.829,10.556,11.9,,,4.05,4.034,4.068,,,,,1046.0,1063.138,,,,2.357,,,497.914,,,,,,,2772.0,2829.0,58.0,0.0,0.0,58.0,0.0,58.0,0.0,0.0,58.0,58.0,0.0,0.0,58.0,0.0,0.0,0.0,"solar_v,battery_v,load_v,lipo_v"
2020-06-07T10:00:00Z,58.0,58.0,9.511,12.718,,,,,11.851,11.75,11.947,,,4.053,4.034,4.068,,,,,966.897,975.638,,,,3.3,,,949.966,,,,,,,2830.0,2887.0,58.0,0.0,0.0,58.0,0.0,58.0,0.0,0.0,58.0,58.0,0.0,0.0,58.0,0.0,0.0,0.0,"solar_v,battery_v,load_v,lipo_v"
2020-06-07T11:00:00Z,57.0,57.0,1.4,10.208,,,,,11.857,11.768,11.928,,,4.049,4.034,4.064,,,,,963.895,966.158,,,,3.3,,,948.86,,,,,,,2888.0,2944.0,22.0,0.0,0.0,57.0,0.0,57.0,0.0,0.0,57.0,57.0,0.0,0.0,57.0,0.0,0.0,0.0,"solar_v,battery_v,load_v,lipo_v"
2020-06-07T12:00:00Z,58.0,58.0,0.0,0.0,,,,,11.867,11.815,11.938,,,4.05,4.034,4.064,,,,,962.655,964.586,,,,3.3,,,948.569,,,,,,,2945.0,3002.0,0.0,0.0,0.0,58.0,0.0,58.0,0.0,0.0,58.0,58.0,0.0,0.0,58.0,0.0,0.0,0.0,"solar_v,battery_v,load_v,lipo_v"
2020-06-07T13:00:00Z,58.0,58.0,0.0,0.0,,,,,11.855,11.778,11.919,,,4.05,4.03,4.064,,,,,962.672,964.914,,,,3.3,,,947.948,,,,,,,3003.0,3060.0,0.0,0.0,0.0,58.0,0.0,58.0,0.0,0.0,58.0,58.0,0.0,0.0,58.0,0.0,0.0,0.0,"solar_v,battery_v,load_v,lipo_v"
2020-06-07T14:00:00Z,57.0,57.0,0.0,0.0,,,,,11.862,11.768,11.938,,,4.05,4.03,4.062,,,,,961.526,963.965,,,,3.3,,,949.0,,,,,,,3061.0,3118.0,0.0,0.0,0.0,57.0,0.0,57.0,0.0,0.0,57.0,57.0,0.0,0.0,57.0,0.0,0.0,0.0,"solar_v,battery_v,load_v,lipo_v"
2020-06-07T15:00:00Z,57.0,57.0,0.0,0.0,,,,,11.861,11.787,11.919,,,4.048,4.03,4.058,,,,,960.807,963.123,,,,3.3,,,948.474,,,,,,,3119.0,3175.0,0.0,0.0,0.0,57.0,0.0,57.0,0.0,0.0,57.0,57.0,0.0,0.0,57.0,0.0,0.0,0.0,"solar_v,battery_v,load_v,lipo_v"
2020-06-07T16:00:00Z,58.0,58.0,0.0,0.0,,,,,11.855,11.778,11.919,,,4.047,4.03,4.06,,,,,960.397,962.5,,,,3.3,,,948.121,,,,,,,3176.0,3233.0,0.0,0.0,0.0,58.0,0.0,58.0,0.0,0.0,58.0,58.0,0.0,0.0,58.0,0.0,0.0,0.0,"solar_v,battery_v,load_v,lipo_v"
2020-06-07T17:00:00Z,58.0,58.0,0.0,0.0,,,,,11.858,11.778,11.909,,,4.045,4.026,4.058,,,,,959.155,961.69,,,,3.3,,,948.397,,,,,,,3234.0,3291.0,0.0,0.0,0.0,58.0,0.0,58.0,0.0,0.0,58.0,58.0,0.0,0.0,58.0,0.0,0.0,0.0,"solar_v,battery_v,load_v,lipo_v"
2020-06-07T18:00:00Z,58.0,58.0,0.0,0.0,,,,,11.847,11.778,11.928,,,4.047,4.026,4.056,,,,,960.19,963.793,,,,3.3,,,948.138,,,,,,,3292.0,3349.0,0.0,0.0,0.0,58.0,0.0,58.0,0.0,0.0,58.0,58.0,0.0,0.0,58.0,0.0,0.0,0.0,"solar_v,battery_v,load_v,lipo_v"
2020-06-07T19:00:00Z,57.0,57.0,0.0,0.0,,,,,11.833,11.778,11.9,,,4.043,4.026,4.056,,,,,960.263,962.737,,,,3.3,,,946.246,,,,,,,3350.0,3406.0,0.0,0.0,0.0,57.0,0.0,57.0,0.0,0.0,57.0,57.0,0.0,0.0,57.0,0.0,0.0,0.0,"solar_v,battery_v,load_v,lipo_v"
2020-06-07T20:00:00Z,58.0,58.0,0.0,0.0,,,,,11.837,11.768,11.9,,,4.039,4.022,4.05,,,,,958.586,960.793,,,,3.3,,,946.069,,,,,,,3407.0,3464.0,0.0,0.0,0.0,58.0,0.0,58.0,0.0,0.0,58.0,58.0,0.0,0.0,58.0,0.0,0.0,0.0,"solar_v,battery_v,load_v,lipo_v"
2020-06-07T21:00:00Z,58.0,58.0,0.0,0.0,,,,,11.834,11.768,11.9,,,4.036,4.018,4.05,,,,,957.879,959.5,,,,3.3,,,945.793,,,,,,,3465.0,3522.0,0.0,0.0,0.0,58.0,0.0,58.0,0.0,0.0,58.0,58.0,0.0,0.0,58.0,0.0,0.0,0.0,"solar_v,battery_v,load_v,lipo_v"
2020-06-07T22:00:00Z,58.0,58.0,5.498,12.596,,,,,11.824,11.75,11.872,,,4.034,4.014,4.048,,,,,958.586,963.828,,,,3.3,,,947.655,,,,,,,3523.0,3580.0,44.0,0.0,0.0,58.0,0.0,58.0,0.0,0.0,58.0,58.0,0.0,0.0,58.0,0.0,0.0,0.0,"solar_v,battery_v,load_v,lipo_v"
2020-06-07T23:00:00Z,57.0,57.0,12.352,12.925,,,,,11.925,11.806,12.097,,,4.028,4.01,4.04,,,,,955.702,975.439,,,,3.3,,,947.0,,,,,,,3581.0,3637.0,57.0,0.0,0.0,57.0,0.0,57.0,0.0,0.0,57.0,57.0,0.0,0.0,57.0,0.0,0.0,0.0,"solar_v,battery_v,load_v,lipo_v"
2020-06-08T00:00:00Z,57.0,57.0,12.747,13.573,,,,,12.361,11.975,12.699,,,4.022,4.002,4.036,,,,,938.947,1019.965,,,,3.3,,,942.702,,,,,,,3638.0,3695.0,57.0,0.0,0.0,57.0,0.0,57.0,0.0,0.0,57.0,57.0,0.0,0.0,57.0,0.0,0.0,0.0,"solar_v,battery_v,load_v,lipo_v"
2020-06-08T01:00:00Z,58.0,58.0,12.588,14.024,,,,,12.202,10.988,13.094,,,4.015,3.994,4.03,,,,,958.914,1086.397,,,,2.975,,,791.207,,,,,,,3696.0,3753.0,58.0,0.0,0.0,58.0,0.0,58.0,0.0,0.0,58.0,58.0,0.0,0.0,58.0,0.0,0.0,0.0,"solar_v,battery_v,load_v,lipo_v"
2020-06-08T02:00:00Z,58.0,58.0,11.776,12.614,,,,,11.416,10.894,11.825,,,4.008,3.984,4.024,,,,,1040.276,1274.5,,,,2.172,,,431.345,,,,,,,3754.0,3811.0,58.0,0.0,0.0,58.0,0.0,58.0,0.0,0.0,58.0,58.0,0.0,0.0,58.0,0.0,0.0,0.0,"solar_v,battery_v,load_v,lipo_v"
2020-06-08T03:00:00Z,58.0,58.0,12.464,14.043,,,,,12.084,11.139,13.338,,,4.005,3.982,4.02,,,,,985.983,1316.672,,,,2.394,,,527.828,,,,,,,3812.0,3869.0,58.0,0.0,0.0,58.0,0.0,58.0,0.0,0.0,58.0,58.0,0.0,0.0,58.0,0.0,0.0,0.0,"solar_v,battery_v,load_v,lipo_v"
2020-06-08T04:00:00Z,57.0,57.0,13.51,14.795,,,,,13.071,12.022,14.081,,,4.004,3.982,4.02,,,,,838.246,1152.018,,,,3.3,,,891.368,,,,,,,3870.0,3926.0,57.0,0.0,0.0,57.0,0.0,57.0,0.0,0.0,57.0,57.0,0.0,0.0,57.0,0.0,0.0,0.0,"solar_v,battery_v,load_v,lipo_v"
2020-06-08T05:00:00Z,58.0,58.0,14.031,14.814,,,,,13.546,12.84,14.062,,,4.002,3.976,4.018,,,,,849.345,1135.81,,,,3.3,,,899.741,,,,,,,3927.0,3984.0,58.0,0.0,0.0,58.0,0.0,58.0,0.0,0.0,58.0,58.0,0.0,0.0,58.0,0.0,0.0,0.0,"solar_v,battery_v,load_v,lipo_v"
2020-06-08T06:00:00Z,58.0,58.0,14.37,14.974,,,,,13.875,12.99,14.335,,,4.001,3.976,4.014,,,,,828.621,1152.483,,,,3.3,,,889.345,,,,,,,3985.0,4042.0,58.0,0.0,0.0,58.0,0.0,58.0,0.0,0.0,58.0,58.0,0.0,0.0,58.0,0.0,0.0,0.0,"solar_v,battery_v,load_v,lipo_v"
2020-06-08T07:00:00Z,56.0,56.0,14.308,15.077,,,,,13.779,13.019,14.353,,,3.995,3.974,4.012,,,,,858.446,1126.304,,,,3.3,,,903.75,,,,,,,4043.0,4100.0,56.0,0.0,0.0,56.0,0.0,56.0,0.0,0.0,56.0,56.0,0.0,0.0,56.0,0.0,0.0,0.0,"solar_v,battery_v,load_v,lipo_v"
2020-06-08T08:00:00Z,58.0,58.0,14.326,15.124,,,,,13.76,13.141,14.194,,,3.994,3.972,4.006,,,,,884.603,1100.431,,,,3.3,,,918.207,,,,,,,4101.0,4158.0,58.0,0.0,0.0,58.0,0.0,58.0,0.0,0.0,58.0,58.0,0.0,0.0,58.0,0.0,0.0,0.0,"solar_v,battery_v,load_v,lipo_v"
2020-06-08T09:00:00Z,56.0,56.0,13.864,14.711,,,,,13.382,12.831,13.883,,,3.993,3.972,4.008,,,,,923.536,1048.482,,,,3.3,,,936.161,,,,,,,4159.0,4215.0,56.0,0.0,0.0,56.0,0.0,56.0,0.0,0.0,56.0,56.0,0.0,0.0,56.0,0.0,0.0,0.0,"solar_v,battery_v,load_v,lipo_v"
2020-06-08T10:00:00Z,58.0,58.0,13.4,14.006,,,,,12.905,12.577,13.216,,,3.99,3.962,4.004,,,,,951.086,991.414,,,,3.3,,,945.879,,,,,,,4216.0,4273.0,58.0,0.0,0.0,58.0,0.0,58.0,0.0,0.0,58.0,58.0,0.0,0.0,58.0,0.0,0.0,0.0,"solar_v,battery_v,load_v,lipo_v"
2020-06-08T11:00:00Z,58.0,58.0,2.271,13.432,,,,,12.579,12.502,12.661,,,3.987,3.962,4.0,,,,,959.103,962.293,,,,3.3,,,946.466,,,,,,,4274.0,4331.0,27.0,0.0,0.0,58.0,0.0,58.0,0.0,0.0,58.0,58.0,0.0,0.0,58.0,0.0,0.0,0.0,"solar_v,battery_v,load_v,lipo_v"
2020-06-09T13:00:00Z,23.0,23.0,3.565,4.095,,,,,3.568,0.757,4.095,,,0.0,0.0,0.0,,,,,3018.043,2736.391,,,,2.266,,,4095.0,,,,,,,2360.0,2415.0,23.0,0.0,0.0,23.0,0.0,23.0,0.0,0.0,23.0,23.0,0.0,0.0,23.0,0.0,0.0,0.0,"solar_v,battery_v,load_v,lipo_v"
2020-06-09T14:00:00Z,52.0,52.0,3.971,4.095,,,,,4.636,1.646,11.626,,,0.141,0.0,0.735,,,,,3529.5,3207.135,,,,4.426,,,3843.548,,,,,,,2356.0,4141.0,42.0,0.0,0.0,46.0,0.0,52.0,0.0,0.0,52.0,52.0,0.0,0.0,45.0,0.0,0.0,0.0,"solar_v,battery_v,load_v,lipo_v"
2020-06-09T15:00:00Z,58.0,58.0,,,,,,,11.558,11.498,11.626,,,0.735,0.735,0.735,,,,,1011.466,1014.776,,,,10.747,,,,,,,,,,4056.0,4075.0,0.0,0.0,0.0,58.0,0.0,58.0,0.0,0.0,58.0,58.0,0.0,0.0,58.0,0.0,0.0,0.0,"solar_v,battery_v,load_v,lipo_v"
2020-06-09T16:00:00Z,57.0,57.0,,,,,,,11.458,11.392,11.904,,,0.735,0.735,0.735,,,,,1011.965,1015.421,,,,10.642,,,,,,,,,,4048.0,4057.0,0.0,0.0,0.0,57.0,0.0,57.0,0.0,0.0,57.0,57.0,0.0,0.0,56.0,0.0,0.0,0.0,"solar_v,battery_v,load_v,lipo_v"
2020-06-09T17:00:00Z,56.0,56.0,,,,,,,11.972,11.911,12.009,,,0.735,0.735,0.735,,,,,1005.679,1008.696,,,,,,,,,,,,,,4041.0,4049.0,0.0,0.0,0.0,56.0,0.0,56.0,0.0,0.0,56.0,56.0,0.0,0.0,0.0,0.0,0.0,0.0,"solar_v,battery_v,load_v,lipo_v"
2020-06-09T18:00:00Z,58.0,58.0,,,,,,,12.009,11.987,12.032,,,0.735,0.735,0.735,,,,,1004.448,1007.638,,,,,,,,,,,,,,4035.0,4043.0,0.0,0.0,0.0,58.0,0.0,58.0,0.0,0.0,58.0,58.0,0.0,0.0,0.0,0.0,0.0,0.0,"solar_v,battery_v,load_v,lipo_v"
2020-06-09T19:00:00Z,58.0,58.0,,,,,,,12.025,12.009,12.039,,,0.735,0.735,0.735,,,,,1003.672,1006.879,,,,,,,,,,,,,,4030.0,4036.0,0.0,0.0,0.0,58.0,0.0,58.0,0.0,0.0,58.0,58.0,0.0,0.0,0.0,0.0,0.0,0.0,"solar_v,battery_v,load_v,lipo_v"
2020-06-09T20:00:00Z,55.0,55.0,,,,,,,12.036,12.024,12.047,,,0.735,0.735,0.735,,,,,1002.636,1006.436,,,,,,,,,,,,,,4025.0,4031.0,0.0,0.0,0.0,55.0,0.0,55.0,0.0,0.0,55.0,55.0,0.0,0.0,0.0,0.0,0.0,0.0,"solar_v,battery_v,load_v,lipo_v"
2020-06-09T21:00:00Z,58.0,58.0,,,,,,,12.041,12.024,12.054,,,0.735,0.735,0.735,,,,,1002.293,1005.914,,,,,,,,,,,,,,4020.0,4027.0,0.0,0.0,0.0,58.0,0.0,58.0,0.0,0.0,58.0,58.0,0.0,0.0,0.0,0.0,0.0,0.0,"solar_v,battery_v,load_v,lipo_v"
2020-06-09T22:00:00Z,58.0,58.0,8.917,12.761,,,,,12.06,12.039,12.114,,,0.735,0.735,0.735,,,,,1001.897,1008.155,,,,,,,,,,,,,,4015.0,4023.0,44.0,0.0,0.0,58.0,0.0,58.0,0.0,0.0,58.0,58.0,0.0,0.0,0.0,0.0,0.0,0.0,"solar_v,battery_v,load_v,lipo_v"
2020-06-09T23:00:00Z,58.0,58.0,12.427,12.957,,,,,12.163,12.114,12.295,,,0.735,0.735,0.735,,,,,1000.0,1021.328,,,,,,,,,,,,,,4012.0,4019.0,58.0,0.0,0.0,58.0,0.0,58.0,0.0,0.0,58.0,58.0,0.0,0.0,0.0,0.0,0.0,0.0,"solar_v,battery_v,load_v,lipo_v"
2020-06-10T00:00:00Z,55.0,55.0,12.772,13.408,,,,,12.491,12.302,12.859,,,0.735,0.735,0.735,,,,,996.345,1075.964,,,,,,,,,,,,,,4007.0,4012.0,55.0,0.0,0.0,55.0,0.0,55.0,0.0,0.0,55.0,55.0,0.0,0.0,0.0,0.0,0.0,0.0,"solar_v,battery_v,load_v,lipo_v"
2020-06-10T01:00:00Z,58.0,58.0,12.472,13.611,,,,,12.11,11.881,12.896,,,0.735,0.735,0.735,,,,,1000.241,1151.483,,,,11.18,,,,,,,,,,4004.0,4011.0,58.0,0.0,0.0,58.0,0.0,58.0,0.0,0.0,58.0,58.0,0.0,0.0,50.0,0.0,0.0,0.0,"solar_v,battery_v,load_v,lipo_v"
2020-06-10T02:00:00Z,58.0,58.0,12.102,12.641,,,,,11.816,11.768,11.881,,,0.735,0.735,0.735,,,,,1003.845,1127.345,,,,11.003,,,,,,,,,,4001.0,4007.0,58.0,0.0,0.0,58.0,0.0,58.0,0.0,0.0,58.0,58.0,0.0,0.0,58.0,0.0,0.0,0.0,"solar_v,battery_v,load_v,lipo_v"
2020-06-10T03:00:00Z,58.0,58.0,12.313,13.092,,,,,11.976,11.799,12.52,,,0.735,0.735,0.735,,,,,1002.586,1194.172,,,,11.167,,,,,,,,,,3998.0,4003.0,58.0,0.0,0.0,58.0,0.0,58.0,0.0,0.0,58.0,58.0,0.0,0.0,58.0,0.0,0.0,0.0,"solar_v,battery_v,load_v,lipo_v"
2020-06-10T04:00:00Z,57.0,57.0,12.74,13.588,,,,,12.347,11.964,12.754,,,0.735,0.735,0.735,,,,,999.105,1268.526,,,,11.54,,,,,,,,,,3994.0,3999.0,57.0,0.0,0.0,57.0,0.0,57.0,0.0,0.0,57.0,57.0,0.0,0.0,57.0,0.0,0.0,0.0,"solar_v,battery_v,load_v,lipo_v"
2020-06-10T05:00:00Z,58.0,58.0,12.839,13.897,,,,,12.46,11.829,13.047,,,0.735,0.735,0.735,,,,,998.345,1289.569,,,,11.649,,,,,,,,,,3991.0,3998.0,58.0,0.0,0.0,58.0,0.0,58.0,0.0,0.0,58.0,58.0,0.0,0.0,58.0,0.0,0.0,0.0,"solar_v,battery_v,load_v,lipo_v"
2020-06-10T06:00:00Z,58.0,58.0,12.272,13.445,,,,,11.932,11.535,12.754,,,0.735,0.735,0.735,,,,,1004.172,1140.379,,,,11.121,,,,,,,,,,3990.0,3996.0,58.0,0.0,0.0,58.0,0.0,58.0,0.0,0.0,58.0,58.0,0.0,0.0,58.0,0.0,0.0,0.0,"solar_v,battery_v,load_v,lipo_v"
2020-06-10T07:00:00Z,57.0,57.0,11.851,12.317,,,,,11.532,11.46,11.626,,,0.735,0.735,0.735,,,,,1007.842,1045.456,,,,10.719,,,4916.85,,,,,,,3983.0,4011.0,57.0,0.0,0.0,57.0,0.0,57.0,0.0,0.0,57.0,57.0,0.0,0.0,57.0,0.0,0.0,0.0,"solar_v,battery_v,load_v,lipo_v"
2020-06-10T08:00:00Z,57.0,57.0,11.882,12.603,,,,,11.572,11.423,11.964,,,0.735,0.735,0.735,,,,,1008.912,1052.228,,,,10.661,,,-601.0,,,,,,,3988.0,3993.0,57.0,0.0,0.0,57.0,0.0,57.0,0.0,0.0,57.0,57.0,0.0,0.0,45.0,0.0,0.0,0.0,"solar_v,battery_v,load_v,lipo_v"
2020-06-10T09:00:00Z,57.0,57.0,12.194,12.581,,,,,11.915,11.896,11.949,,,0.735,0.735,0.735,,,,,1005.649,1014.035,,,,,,,8387.167,,,,,,,3985.0,3993.0,57.0,0.0,0.0,57.0,0.0,57.0,0.0,0.0,57.0,57.0,0.0,0.0,0.0,0.0,0.0,0.0,"solar_v,battery_v,load_v,lipo_v"
2020-06-10T10:00:00Z,58.0,58.0,8.432,11.987,,,,,11.91,11.896,11.926,,,0.735,0.735,0.735,,,,,1005.103,1008.414,,,,,,,7754.4,,,,,,,3985.0,3990.0,58.0,0.0,0.0,58.0,0.0,58.0,0.0,0.0,58.0,58.0,0.0,0.0,0.0,0.0,0.0,0.0,"solar_v,battery_v,load_v,lipo_v"
2020-06-10T11:00:00Z,58.0,58.0,2.086,4.64,,,,,11.916,11.904,11.934,,,0.735,0.735,0.735,,,,,1004.241,1007.086,,,,,,,6311.333,,,,,,,3982.0,3986.0,24.0,0.0,0.0,58.0,0.0,58.0,0.0,0.0,58.0,58.0,0.0,0.0,0.0,0.0,0.0,0.0,"solar_v,battery_v,load_v,lipo_v"
2020-06-10T12:00:00Z,57.0,57.0,,,,,,,11.924,11.911,11.949,,,0.735,0.735,0.735,,,,,1003.14,1006.298,,,,,,,,,,,,,,3980.0,3985.0,0.0,0.0,0.0,57.0,0.0,57.0,0.0,0.0,57.0,57.0,0.0,0.0,0.0,0.0,0.0,0.0,"solar_v,battery_v,load_v,lipo_v"
2020-06-10T13:00:00Z,58.0,58.0,,,,,,,11.929,11.911,11.949,,,0.735,0.735,0.735,,,,,1002.138,1005.466,,,,,,,,,,,,,,3978.0,3983.0,0.0,0.0,0.0,58.0,0.0,58.0,0.0,0.0,58.0,58.0,0.0,0.0,0.0,0.0,0.0,0.0,"solar_v,battery_v,load_v,lipo_v"
2020-06-10T14:00:00Z,58.0,58.0,,,,,,,11.931,11.919,11.949,,,0.735,0.735,0.735,,,,,1001.586,1004.948,,,,,,,,,,,,,,3978.0,3982.0,0.0,0.0,0.0,58.0,0.0,58.0,0.0,0.0,58.0,58.0,0.0,0.0,0.0,0.0,0.0,0.0,"solar_v,battery_v,load_v,lipo_v"
2020-06-10T15:00:00Z,58.0,58.0,,,,,,,11.931,11.919,11.949,,,0.735,0.735,0.735,,,,,1001.086,1004.517,,,,,,,,,,,,,,3975.0,3982.0,0.0,0.0,0.0,58.0,0.0,58.0,0.0,0.0,58.0,58.0,0.0,0.0,0.0,0.0,0.0,0.0,"solar_v,battery_v,load_v,lipo_v"
2020-06-10T16:00:00Z,58.0,58.0,,,,,,,11.938,11.926,11.956,,,0.735,0.735,0.735,,,,,1000.207,1003.724,,,,,,,,,,,,,,3974.0,3980.0,0.0,0.0,0.0,58.0,0.0,58.0,0.0,0.0,58.0,58.0,0.0,0.0,0.0,0.0,0.0,0.0,"solar_v,battery_v,load_v,lipo_v"
2020-06-10T17:00:00Z,56.0,56.0,,,,,,,11.942,11.926,11.964,,,0.735,0.735,0.735,,,,,999.5,1002.964,,,,,,,,,,,,,,3972.0,3978.0,0.0,0.0,0.0,56.0,0.0,56.0,0.0,0.0,56.0,56.0,0.0,0.0,0.0,0.0,0.0,0.0,"solar_v,battery_v,load_v,lipo_v"
2020-06-10T18:00:00Z,58.0,58.0,,,735.0,735.0,,,11.941,11.926,11.956,,,2.634,0.735,3.977,,,,,998.914,1002.5,,,,,,,,,,,,,,631.0,3977.0,0.0,34.0,0.0,58.0,0.0,58.0,0.0,0.0,58.0,58.0,0.0,0.0,0.0,0.0,0.0,0.0,"solar_v,battery_v,load_v,lipo_v"
2020-06-10T19:00:00Z,58.0,58.0,,,735.0,735.0,,,11.941,11.926,11.956,,,3.973,3.97,3.975,,,,,998.466,1002.138,,,,,,,,,,,,,,665.0,722.0,0.0,58.0,0.0,58.0,0.0,58.0,0.0,0.0,58.0,58.0,0.0,0.0,0.0,0.0,0.0,0.0,"solar_v,battery_v,load_v,lipo_v"
2020-06-10T20:00:00Z,58.0,58.0,,,735.0,735.0,,,11.938,11.926,11.956,,,3.972,3.969,3.977,,,,,998.241,1001.931,,,,,,,,,,,,,,723.0,780.0,0.0,58.0,0.0,58.0,0.0,58.0,0.0,0.0,58.0,58.0,0.0,0.0,0.0,0.0,0.0,0.0,"solar_v,battery_v,load_v,lipo_v"
2020-06-10T21:00:00Z,58.0,58.0,,,735.0,735.0,,,11.94,11.926,11.956,,,3.97,3.967,3.974,,,,,997.948,1001.466,,,,,,,,,,,,,,781.0,838.0,0.0,58.0,0.0,58.0,0.0,58.0,0.0,0.0,58.0,58.0,0.0,0.0,0.0,0.0,0.0,0.0,"solar_v,battery_v,load_v,lipo_v"
2020-06-10T22:00:00Z,58.0,58.0,8.421,12.581,735.0,735.0,,,11.948,11.934,11.979,,,3.969,3.967,3.972,,,,,997.759,1002.31,,,,,,,,,,,,,,839.0,896.0,45.0,58.0,0.0,58.0,0.0,58.0,0.0,0.0,58.0,58.0,0.0,0.0,0.0,0.0,0.0,0.0,"solar_v,battery_v,load_v,lipo_v"
2020-06-10T23:00:00Z,53.0,53.0,12.39,12.949,735.0,735.0,,,12.128,11.979,12.28,,,3.969,3.966,3.972,,,,,995.698,1028.113,,,,,,,,,,,,,,897.0,953.0,53.0,53.0,0.0,53.0,0.0,53.0,0.0,0.0,53.0,53.0,0.0,0.0,0.0,0.0,0.0,0.0,"solar_v,battery_v,load_v,lipo_v"
2020-06-11T00:00:00Z,58.0,58.0,12.701,13.385,735.0,735.0,,,12.385,12.265,12.633,,,3.968,3.966,3.97,,,,,993.19,1074.517,,,,,,,,,,,,,,954.0,1011.0,58.0,58.0,0.0,58.0,0.0,58.0,0.0,0.0,58.0,58.0,0.0,0.0,0.0,0.0,0.0,0.0,"solar_v,battery_v,load_v,lipo_v"
2020-06-11T01:00:00Z,58.0,58.0,12.928,13.573,735.0,735.0,,,12.636,12.46,12.836,,,3.967,3.964,3.97,,,,,990.586,1121.431,,,,,,,5081.8,,,,,,,1012.0,1069.0,58.0,58.0,0.0,58.0,0.0,58.0,0.0,0.0,58.0,58.0,0.0,0.0,0.0,0.0,0.0,0.0,"solar_v,battery_v,load_v,lipo_v"
2020-06-11T02:00:00Z,58.0,58.0,13.005,13.694,735.0,735.0,,,12.709,12.49,12.919,,,3.965,3.962,3.969,,,,,990.034,1117.172,,,,,,,6861.419,,,,,,,1070.0,1127.0,58.0,58.0,0.0,58.0,0.0,58.0,0.0,0.0,58.0,58.0,0.0,0.0,0.0,0.0,0.0,0.0,"solar_v,battery_v,load_v,lipo_v"
2020-06-11T03:00:00Z,58.0,58.0,12.945,13.686,735.0,735.0,,,12.622,12.197,12.934,,,3.964,3.961,3.967,,,,,991.431,1164.379,,,,11.455,,,4345.167,,,,,,,1128.0,1185.0,58.0,58.0,0.0,58.0,0.0,58.0,0.0,0.0,58.0,58.0,0.0,0.0,24.0,0.0,0.0,0.0,"solar_v,battery_v,load_v,lipo_v"
2020-06-11T04:00:00Z,56.0,56.0,12.494,13.077,735.0,735.0,,,12.113,11.994,12.287,,,3.964,3.961,3.967,,,,,997.411,1167.804,,,,11.301,,,5422.789,,,,,,,1186.0,1242.0,56.0,56.0,0.0,56.0,0.0,56.0,0.0,0.0,56.0,56.0,0.0,0.0,56.0,0.0,0.0,0.0,"solar_v,battery_v,load_v,lipo_v"
2020-06-11T05:00:00Z,58.0,58.0,12.645,13.242,1762.379,12879.0,,,12.261,12.092,12.475,,,3.967,3.959,4.012,,,,,995.328,1211.466,,,,11.45,,,2727.111,,,,,,,1243.0,1300.0,58.0,58.0,0.0,58.0,0.0,58.0,0.0,0.0,58.0,58.0,0.0,0.0,58.0,0.0,0.0,0.0,"solar_v,battery_v,load_v,lipo_v"
2020-06-11T06:00:00Z,58.0,58.0,12.635,13.581,4664.621,4763.0,,,12.292,12.129,12.761,,,4.046,4.006,4.104,,,,,989.397,1197.586,,,,11.477,,,2558.375,,,,,,,1301.0,1358.0,58.0,58.0,0.0,58.0,0.0,58.0,0.0,0.0,58.0,58.0,0.0,0.0,58.0,0.0,0.0,0.0,"solar_v,battery_v,load_v,lipo_v"
2020-06-11T07:00:00Z,58.0,58.0,12.262,12.934,11358.362,12476.0,,,11.968,11.866,12.235,,,4.127,4.11,4.142,,,,,1008.121,1175.569,,,,11.152,,,2747.5,,,,,,,1359.0,1416.0,58.0,58.0,0.0,58.0,0.0,58.0,0.0,0.0,58.0,58.0,0.0,0.0,58.0,0.0,0.0,0.0,"solar_v,battery_v,load_v,lipo_v"
2020-06-11T08:00:00Z,57.0,57.0,12.221,12.701,7843.053,12279.0,,,11.818,11.716,11.941,,,4.126,4.123,4.13,,,,,1002.737,1095.667,,,,10.995,,,,,,,,,,1417.0,1474.0,57.0,57.0,0.0,57.0,0.0,57.0,0.0,0.0,57.0,57.0,0.0,0.0,57.0,0.0,0.0,0.0,"solar_v,battery_v,load_v,lipo_v"
2020-06-11T09:00:00Z,56.0,56.0,12.036,12.46,4569.821,4580.0,,,11.678,11.603,11.753,,,4.126,4.125,4.13,,,,,997.768,1051.375,,,,10.869,,,,,,,,,,1475.0,1531.0,56.0,56.0,0.0,56.0,0.0,56.0,0.0,0.0,56.0,56.0,0.0,0.0,56.0,0.0,0.0,0.0,"solar_v,battery_v,load_v,lipo_v"
2020-06-11T10:00:00Z,57.0,57.0,12.128,12.761,4347.965,4548.0,,,11.868,11.513,12.107,,,4.123,4.115,4.13,,,,,996.895,1023.193,,,,10.738,,,,,,,,,,1532.0,1589.0,57.0,57.0,0.0,57.0,0.0,57.0,0.0,0.0,57.0,57.0,0.0,0.0,21.0,0.0,0.0,0.0,"solar_v,battery_v,load_v,lipo_v"
2020-06-11T11:00:00Z,58.0,58.0,6.724,12.528,1359.328,3961.0,,,11.906,11.881,11.941,,,4.102,4.091,4.117,,,,,1006.879,1010.828,,,,,,,,,,,,,,1590.0,1647.0,30.0,58.0,0.0,58.0,0.0,58.0,0.0,0.0,58.0,58.0,0.0,0.0,0.0,0.0,0.0,0.0,"solar_v,battery_v,load_v,lipo_v"
2020-06-11T12:00:00Z,56.0,56.0,,,735.0,735.0,,,11.913,11.889,11.934,,,4.082,4.073,4.093,,,,,1006.571,1009.089,,,,,,,,,,,,,,1648.0,1704.0,0.0,56.0,0.0,56.0,0.0,56.0,0.0,0.0,56.0,56.0,0.0,0.0,0.0,0.0,0.0,0.0,"solar_v,battery_v,load_v,lipo_v"
2020-06-11T13:00:00Z,58.0,58.0,,,735.0,735.0,,,11.917,11.889,11.934,,,4.066,4.059,4.075,,,,,1005.672,1008.879,,,,,,,,,,,,,,1705.0,1762.0,0.0,58.0,0.0,58.0,0.0,58.0,0.0,0.0,58.0,58.0,0.0,0.0,0.0,0.0,0.0,0.0,"solar_v,battery_v,load_v,lipo_v"
2020-06-11T14:00:00Z,58.0,58.0,,,735.0,735.0,,,11.925,11.904,11.934,,,4.052,4.046,4.057,,,,,1004.741,1007.707,,,,,,,5349.125,,,,,,,1763.0,1820.0,0.0,58.0,0.0,58.0,0.0,58.0,0.0,0.0,58.0,58.0,0.0,0.0,0.0,0.0,0.0,0.0,"solar_v,battery_v,load_v,lipo_v"
2020-06-11T15:00:00Z,58.0,58.0,,,735.0,735.0,,,11.925,11.904,11.941,,,4.041,4.035,4.048,,,,,1003.603,1007.741,,,,,,,7287.421,,,,,,,1821.0,1878.0,0.0,58.0,0.0,58.0,0.0,58.0,0.0,0.0,58.0,58.0,0.0,0.0,0.0,0.0,0.0,0.0,"solar_v,battery_v,load_v,lipo_v"
2020-06-11T16:00:00Z,58.0,58.0,,,735.0,735.0,,,11.931,11.919,11.941,,,4.031,4.027,4.036,,,,,1003.034,1006.362,,,,,,,,,,,,,,1879.0,1936.0,0.0,58.0,0.0,58.0,0.0,58.0,0.0,0.0,58.0,58.0,0.0,0.0,0.0,0.0,0.0,0.0,"solar_v,battery_v,load_v,lipo_v"
2020-06-11T17:00:00Z,58.0,58.0,,,735.0,735.0,,,11.933,11.919,11.941,,,4.023,4.019,4.028,,,,,1002.241,1005.31,,,,,,,,,,,,,,1937.0,1994.0,0.0,58.0,0.0,58.0,0.0,58.0,0.0,0.0,58.0,58.0,0.0,0.0,0.0,0.0,0.0,0.0,"solar_v,battery_v,load_v,lipo_v"
2020-06-11T18:00:00Z,58.0,58.0,,,735.0,735.0,,,11.936,11.926,11.949,,,4.014,4.009,4.019,,,,,1002.052,1005.655,,,,,,,,,,,,,,1995.0,2052.0,0.0,58.0,0.0,58.0,0.0,58.0,0.0,0.0,58.0,58.0,0.0,0.0,0.0,0.0,0.0,0.0,"solar_v,battery_v,load_v,lipo_v"
2020-06-11T19:00:00Z,57.0,57.0,,,735.0,735.0,,,11.941,11.926,11.956,,,4.006,4.003,4.012,,,,,1001.246,1004.632,,,,,,,,,,,,,,2053.0,2109.0,0.0,57.0,0.0,57.0,0.0,57.0,0.0,0.0,57.0,57.0,0.0,0.0,0.0,0.0,0.0,0.0,"solar_v,battery_v,load_v,lipo_v"
2020-06-11T20:00:00Z,58.0,58.0,,,735.0,735.0,,,11.942,11.934,11.949,,,4.0,3.996,4.003,,,,,1000.638,1004.397,,,,,,,,,,,,,,2110.0,2167.0,0.0,58.0,0.0,58.0,0.0,58.0,0.0,0.0,58.0,58.0,0.0,0.0,0.0,0.0,0.0,0.0,"solar_v,battery_v,load_v,lipo_v"
2020-06-11T21:00:00Z,58.0,58.0,,,735.0,735.0,,,11.944,11.934,11.956,,,3.995,3.991,3.998,,,,,999.81,1003.724,,,,,,,,,,,,,,2168.0,2225.0,0.0,58.0,0.0,58.0,0.0,58.0,0.0,0.0,58.0,58.0,0.0,0.0,0.0,0.0,0.0,0.0,"solar_v,battery_v,load_v,lipo_v"
2020-06-11T22:00:00Z,58.0,58.0,8.875,12.821,2338.121,4273.0,,,11.996,11.934,12.182,,,3.99,3.986,3.994,,,,,994.534,1000.707,,,,,,,,,,,,,,2226.0,2283.0,45.0,58.0,0.0,58.0,0.0,58.0,0.0,0.0,58.0,58.0,0.0,0.0,0.0,0.0,0.0,0.0,"solar_v,battery_v,load_v,lipo_v"
2020-06-11T23:00:00Z,58.0,58.0,12.527,12.942,4397.414,4529.0,,,12.248,12.182,12.287,,,3.997,3.986,4.017,,,,,979.328,1000.207,,,,,,,,,,,,,,2284.0,2341.0,58.0,58.0,0.0,58.0,0.0,58.0,0.0,0.0,58.0,58.0,0.0,0.0,0.0,0.0,0.0,0.0,"solar_v,battery_v,load_v,lipo_v"
2020-06-12T00:00:00Z,56.0,56.0,12.632,13.205,5608.5,12591.0,,,12.38,12.28,12.505,,,4.069,4.017,4.142,,,,,988.268,1045.804,,,,,,,6587.2,,,,,,,2342.0,2399.0,56.0,56.0,0.0,56.0,0.0,56.0,0.0,0.0,56.0,56.0,0.0,0.0,0.0,0.0,0.0,0.0,"solar_v,battery_v,load_v,lipo_v"
2020-06-12T01:00:00Z,57.0,57.0,12.838,13.603,12572.807,12944.0,,,12.543,11.806,12.844,,,4.126,4.122,4.13,,,,,1001.298,1156.351,,,,11.329,,,3526.8,,,,,,,2400.0,2456.0,57.0,57.0,0.0,57.0,0.0,57.0,0.0,0.0,57.0,57.0,0.0,0.0,7.0,0.0,0.0,0.0,"solar_v,battery_v,load_v,lipo_v"
2020-06-12T02:00:00Z,57.0,57.0,12.408,13.002,12399.404,12939.0,,,11.979,11.723,12.22,,,4.128,4.123,4.133,,,,,1007.789,1191.0,,,,11.16,,,3969.154,,,,,,,2457.0,2514.0,57.0,57.0,0.0,57.0,0.0,57.0,0.0,0.0,57.0,57.0,0.0,0.0,57.0,0.0,0.0,0.0,"solar_v,battery_v,load_v,lipo_v"
2020-06-12T03:00:00Z,58.0,58.0,12.384,12.851,12506.862,12696.0,,,11.979,11.814,12.054,,,4.13,4.126,4.133,,,,,1008.966,1212.397,,,,11.165,,,6792.474,,,,,,,2515.0,2572.0,58.0,58.0,0.0,58.0,0.0,58.0,0.0,0.0,58.0,58.0,0.0,0.0,58.0,0.0,0.0,0.0,"solar_v,battery_v,load_v,lipo_v"
2020-06-12T04:00:00Z,57.0,57.0,12.588,13.182,12435.877,12875.0,,,12.184,11.934,12.588,,,4.13,4.128,4.133,,,,,1008.14,1254.368,,,,11.366,,,7076.778,,,,,,,2573.0,2630.0,57.0,57.0,0.0,57.0,0.0,57.0,0.0,0.0,57.0,57.0,0.0,0.0,57.0,0.0,0.0,0.0,"solar_v,battery_v,load_v,lipo_v"
2020-06-12T05:00:00Z,56.0,56.0,12.929,13.603,12312.179,12861.0,,,12.482,11.851,12.761,,,4.131,4.128,4.134,,,,,1006.018,1323.589,,,,11.665,,,6979.5,,,,,,,2631.0,2687.0,56.0,56.0,0.0,56.0,0.0,56.0,0.0,0.0,56.0,56.0,0.0,0.0,56.0,0.0,0.0,0.0,"solar_v,battery_v,load_v,lipo_v"
2020-06-12T06:00:00Z,57.0,57.0,13.006,13.611,12218.404,12476.0,,,12.585,12.009,12.829,,,4.131,4.128,4.134,,,,,1005.544,1324.702,,,,11.77,,,1591.333,,,,,,,2688.0,2745.0,57.0,57.0,0.0,57.0,0.0,57.0,0.0,0.0,57.0,57.0,0.0,0.0,57.0,0.0,0.0,0.0,"solar_v,battery_v,load_v,lipo_v"
2020-06-12T07:00:00Z,58.0,58.0,12.747,13.408,12171.707,12403.0,,,12.377,11.972,12.626,,,4.132,4.128,4.136,,,,,1008.534,1260.69,,,,11.563,,,1183.667,,,,,,,2746.0,2803.0,58.0,58.0,0.0,58.0,0.0,58.0,0.0,0.0,58.0,58.0,0.0,0.0,58.0,0.0,0.0,0.0,"solar_v,battery_v,load_v,lipo_v"
2020-06-12T08:00:00Z,57.0,57.0,12.979,13.709,6493.386,12380.0,,,12.546,11.934,12.934,,,4.122,4.104,4.134,,,,,1005.544,1164.877,,,,11.244,,,4422.625,,,,,,,2804.0,2861.0,57.0,57.0,0.0,57.0,0.0,57.0,0.0,0.0,57.0,57.0,0.0,0.0,21.0,0.0,0.0,0.0,"solar_v,battery_v,load_v,lipo_v"
2020-06-12T09:00:00Z,57.0,57.0,12.923,13.506,735.0,735.0,,,12.622,12.505,12.791,,,4.095,4.085,4.105,,,,,1002.667,1074.93,,,,,,,9383.857,,,,,,,2862.0,2918.0,57.0,57.0,0.0,57.0,0.0,57.0,0.0,0.0,57.0,57.0,0.0,0.0,0.0,0.0,0.0,0.0,"solar_v,battery_v,load_v,lipo_v"
2020-06-12T10:00:00Z,58.0,58.0,12.731,13.288,2125.5,4337.0,,,12.47,12.212,12.603,,,4.077,4.067,4.088,,,,,999.793,1031.966,,,,,,,9661.179,,,,,,,2919.0,2976.0,58.0,58.0,0.0,58.0,0.0,58.0,0.0,0.0,58.0,58.0,0.0,0.0,0.0,0.0,0.0,0.0,"solar_v,battery_v,load_v,lipo_v"
2020-06-12T11:00:00Z,58.0,58.0,6.174,12.348,1248.552,3823.0,,,12.161,12.092,12.22,,,4.061,4.054,4.07,,,,,1005.741,1009.121,,,,8.557,,,9748.293,,,,,,,2977.0,3034.0,33.0,58.0,0.0,58.0,0.0,58.0,0.0,0.0,58.0,58.0,0.0,0.0,1.0,0.0,0.0,0.0,"solar_v,battery_v,load_v,lipo_v"
2020-06-12T12:00:00Z,58.0,58.0,,,735.0,735.0,,,12.12,12.069,12.152,,,4.048,4.041,4.056,,,,,1005.069,1008.362,,,,,,,8714.327,,,,,,,3035.0,3092.0,0.0,58.0,0.0,58.0,0.0,58.0,0.0,0.0,58.0,58.0,0.0,0.0,0.0,0.0,0.0,0.0,"solar_v,battery_v,load_v,lipo_v"
2020-06-12T13:00:00Z,58.0,58.0,,,735.0,735.0,,,12.101,12.077,12.129,,,4.037,4.031,4.044,,,,,1005.052,1008.724,,,,,,,7670.98,,,,,,,3093.0,3150.0,0.0,58.0,0.0,58.0,0.0,58.0,0.0,0.0,58.0,58.0,0.0,0.0,0.0,0.0,0.0,0.0,"solar_v,battery_v,load_v,lipo_v"
2020-06-12T14:00:00Z,58.0,58.0,,,735.0,735.0,,,12.078,12.069,12.092,,,4.028,4.023,4.033,,,,,1005.897,1009.362,,,,,,,7783.278,,,,,,,3151.0,3208.0,0.0,58.0,0.0,58.0,0.0,58.0,0.0,0.0,58.0,58.0,0.0,0.0,0.0,0.0,0.0,0.0,"solar_v,battery_v,load_v,lipo_v"
2020-06-12T15:00:00Z,21.0,21.0,,,735.0,735.0,,,12.068,12.062,12.084,,,4.023,4.02,4.027,,,,,1005.714,1009.095,,,,,,,6284.692,,,,,,,3209.0,3229.0,0.0,21.0,0.0,21.0,0.0,21.0,0.0,0.0,21.0,21.0,0.0,0.0,0.0,0.0,0.0,0.0,"solar_v,battery_v,load_v,lipo_v"
