day,ts_utc_day,n_samples,n_out_of_range,n_hours,solar_v_avg,solar_v_max,solar2_v_avg,solar2_v_max,solar3_v_avg,solar3_v_max,battery_v_avg,battery_v_min,battery_v_max,battery2_v_min,battery2_v_max,lipo_v_avg,lipo_v_min,lipo_v_max,lipo2_v_avg,lipo2_v_min,lipo2_v_max,current_a_avg,current_a_chA_avg,current_a_chB_avg,current2_a_avg,power_w_avg,power_w_max,load_v_avg,load1_v_avg,load2_v_avg,wind_v_avg,temp_c_avg,temp_c_min,temp_c_max,voltage_adc_avg,digital_adc_avg,energy_wh,boot_count_min,boot_count_max,solar_v_n_oor,solar2_v_n_oor,solar3_v_n_oor,battery_v_n_oor,battery2_v_n_oor,lipo_v_n_oor,lipo2_v_n_oor,current_a_n_oor,current_a_chA_n_oor,current_a_chB_n_oor,current2_a_n_oor,power_w_n_oor,load_v_n_oor,load1_v_n_oor,load2_v_n_oor,temp_c_n_oor,scaled_channels
2020-05-21,2020-05-21T00:00:00Z,578.0,578.0,22.0,2.822,3.532,,,,,2193.463,2082.0,2352.0,,,3.494,0.151,3.532,,,,,,,,,,,545.083,560.449,0.0,,,,,,,1.0,620.0,578.0,0.0,0.0,578.0,0.0,578.0,0.0,0.0,0.0,0.0,0.0,0.0,0.0,578.0,578.0,0.0,"solar_v,lipo_v"
2020-05-22,2020-05-22T00:00:00Z,688.0,688.0,24.0,2.802,3.532,,,,,2206.397,2110.0,2334.0,,,3.532,3.532,3.532,,,,,,,,,,,548.019,560.026,0.0,,,,,,,621.0,1326.0,688.0,0.0,0.0,688.0,0.0,688.0,0.0,0.0,0.0,0.0,0.0,0.0,0.0,688.0,688.0,0.0,"solar_v,lipo_v"
2020-05-23,2020-05-23T00:00:00Z,707.0,707.0,24.0,2.812,3.532,,,,,2217.874,2124.0,2331.0,,,3.532,3.532,3.532,,,,,,,,,,,558.256,463.989,0.0,,,,,,,1327.0,2034.0,707.0,0.0,0.0,707.0,0.0,707.0,0.0,0.0,0.0,0.0,0.0,0.0,0.0,707.0,707.0,0.0,"solar_v,lipo_v"
2020-05-24,2020-05-24T00:00:00Z,707.0,707.0,24.0,2.822,3.532,,,,,2189.657,2019.0,2334.0,,,3.532,3.532,3.532,,,,,,,,,,,552.388,721.819,0.0,,,,,,,2035.0,2743.0,707.0,0.0,0.0,707.0,0.0,707.0,0.0,0.0,0.0,0.0,0.0,0.0,0.0,707.0,707.0,0.0,"solar_v,lipo_v"
2020-05-25,2020-05-25T00:00:00Z,684.0,684.0,24.0,2.866,3.532,,,,,2172.055,2052.0,2237.0,,,3.532,3.532,3.532,,,,,,,,,,,557.532,584.532,0.0,,,,,,,2744.0,3448.0,684.0,0.0,0.0,684.0,0.0,684.0,0.0,0.0,0.0,0.0,0.0,0.0,0.0,684.0,684.0,0.0,"solar_v,lipo_v"
2020-05-26,2020-05-26T00:00:00Z,659.0,659.0,24.0,2.652,3.532,,,,,2109.354,1932.0,2181.0,,,3.532,3.532,3.532,,,,,,,,,,,547.129,641.941,0.0,,,,,,,3449.0,4149.0,659.0,0.0,0.0,659.0,0.0,659.0,0.0,0.0,0.0,0.0,0.0,0.0,0.0,659.0,659.0,0.0,"solar_v,lipo_v"
2020-05-27,2020-05-27T00:00:00Z,683.0,683.0,24.0,2.823,3.532,,,,,2217.197,1987.0,2349.0,,,3.532,3.532,3.532,,,,,,,,,,,548.233,500.795,0.0,,,,,,,4150.0,4855.0,683.0,0.0,0.0,683.0,0.0,683.0,0.0,0.0,0.0,0.0,0.0,0.0,0.0,683.0,683.0,0.0,"solar_v,lipo_v"
2020-05-28,2020-05-28T00:00:00Z,679.0,679.0,24.0,2.794,3.532,,,,,2159.544,2053.0,2227.0,,,3.532,3.532,3.532,,,,,,,,,,,548.796,210.677,0.0,,,,,,,4856.0,5560.0,679.0,0.0,0.0,679.0,0.0,679.0,0.0,0.0,0.0,0.0,0.0,0.0,0.0,679.0,679.0,0.0,"solar_v,lipo_v"
2020-05-29,2020-05-29T00:00:00Z,645.0,645.0,24.0,2.661,3.532,,,,,2082.227,1943.0,2136.0,,,3.532,3.532,3.532,,,,,,,,,,,545.397,208.288,0.0,,,,,,,5561.0,6260.0,645.0,0.0,0.0,645.0,0.0,645.0,0.0,0.0,0.0,0.0,0.0,0.0,0.0,645.0,645.0,0.0,"solar_v,lipo_v"
2020-05-30,2020-05-30T00:00:00Z,706.0,706.0,24.0,2.664,3.532,,,,,2085.18,1938.0,2136.0,,,3.532,3.532,3.532,,,,,,,,,,,551.506,213.645,0.0,,,,,,,6261.0,6968.0,706.0,0.0,0.0,706.0,0.0,706.0,0.0,0.0,0.0,0.0,0.0,0.0,0.0,706.0,706.0,0.0,"solar_v,lipo_v"
2020-05-31,2020-05-31T00:00:00Z,702.0,702.0,24.0,2.566,3.532,,,,,2055.423,1952.0,2129.0,,,3.532,3.532,3.532,,,,,,,,,,,556.175,219.884,0.0,,,,,,,6969.0,7675.0,702.0,0.0,0.0,702.0,0.0,702.0,0.0,0.0,0.0,0.0,0.0,0.0,0.0,702.0,702.0,0.0,"solar_v,lipo_v"
2020-06-01,2020-06-01T00:00:00Z,668.0,668.0,24.0,2.557,3.532,,,,,2056.467,1948.0,2131.0,,,3.532,3.532,3.532,,,,,,,,,,,554.342,218.016,0.0,,,,,,,7676.0,8378.0,668.0,0.0,0.0,668.0,0.0,668.0,0.0,0.0,0.0,0.0,0.0,0.0,0.0,668.0,668.0,0.0,"solar_v,lipo_v"
2020-06-02,2020-06-02T00:00:00Z,650.0,650.0,24.0,2.582,3.532,,,,,2070.029,1953.0,2138.0,,,3.532,3.532,3.532,,,,,,,,,,,554.153,216.77,0.0,,,,,,,8379.0,9079.0,650.0,0.0,0.0,650.0,0.0,650.0,0.0,0.0,0.0,0.0,0.0,0.0,0.0,650.0,650.0,0.0,"solar_v,lipo_v"
2020-06-03,2020-06-03T00:00:00Z,641.0,641.0,24.0,2.584,3.532,,,,,2098.428,1943.0,2243.0,,,3.532,3.532,3.532,,,,,,,,,,,542.843,204.454,0.0,,,,,,,9080.0,9779.0,641.0,0.0,0.0,641.0,0.0,641.0,0.0,0.0,0.0,0.0,0.0,0.0,0.0,641.0,641.0,0.0,"solar_v,lipo_v"
2020-06-04,2020-06-04T00:00:00Z,654.0,654.0,24.0,2.842,3.532,,,,,2220.568,2144.0,2247.0,,,3.532,3.532,3.532,,,,,,,,,,,553.777,214.277,0.0,,,,,,,1.0,10112.0,654.0,0.0,0.0,654.0,0.0,654.0,0.0,0.0,0.0,0.0,0.0,0.0,0.0,654.0,653.0,0.0,"solar_v,lipo_v"
2020-06-05,2020-06-05T00:00:00Z,668.0,668.0,24.0,2.781,3.532,,,,,2152.457,0.0,2290.0,,,3.532,3.532,3.532,,,,,,,,,,,552.098,214.278,0.0,,,,,,,368.0,1072.0,660.0,0.0,0.0,668.0,0.0,668.0,0.0,0.0,0.0,0.0,0.0,0.0,0.0,667.0,667.0,0.0,"solar_v,lipo_v"
2020-06-06,2020-06-06T00:00:00Z,691.0,691.0,24.0,2.831,3.532,,,,,2288.601,2230.0,2574.0,,,3.532,3.532,3.532,,,,,,,,,,,556.067,216.468,0.0,,,,,,,1074.0,1780.0,691.0,0.0,0.0,691.0,0.0,691.0,0.0,0.0,0.0,0.0,0.0,0.0,0.0,691.0,691.0,0.0,"solar_v,lipo_v"
2020-06-07,2020-06-07T00:00:00Z,705.0,705.0,24.0,2.836,3.532,,,,,2291.179,2225.0,2546.0,,,3.532,3.532,3.532,,,,,,,,,,,552.343,213.3,0.0,,,,,,,1781.0,2489.0,705.0,0.0,0.0,705.0,0.0,705.0,0.0,0.0,0.0,0.0,0.0,0.0,0.0,705.0,705.0,0.0,"solar_v,lipo_v"
2020-06-08,2020-06-08T00:00:00Z,703.0,703.0,24.0,2.759,3.532,,,,,2149.915,1938.0,2518.0,,,3.532,3.532,3.532,,,,,,,,,,,478.82,89.341,0.0,,,,,,,2490.0,3197.0,703.0,0.0,0.0,703.0,0.0,703.0,0.0,0.0,0.0,0.0,0.0,0.0,0.0,703.0,301.0,0.0,"solar_v,lipo_v"
2020-06-09,2020-06-09T00:00:00Z,206.0,206.0,8.0,1.811,1.92,,,,,1853.164,1669.0,1948.0,,,3.532,3.532,3.532,,,,,,,,,,,292.761,0.0,0.0,,,,,,,2.0,3313.0,206.0,0.0,0.0,206.0,0.0,206.0,0.0,0.0,0.0,0.0,0.0,0.0,0.0,206.0,0.0,0.0,"solar_v,lipo_v"
2020-06-10,2020-06-10T00:00:00Z,440.0,440.0,16.0,0.538,1.189,,,,,587.963,0.0,1379.0,,,3.5,2.006,3.532,,,,,,,,,,,724.607,374.555,0.0,,,,,,,1.0,445.0,400.0,0.0,0.0,440.0,0.0,440.0,0.0,0.0,0.0,0.0,0.0,0.0,0.0,440.0,360.0,0.0,"solar_v,lipo_v"
2020-06-11,2020-06-11T00:00:00Z,322.0,322.0,12.0,0.239,1.085,,,,,265.429,0.0,1365.0,,,3.532,3.532,3.532,,,,,,,,,,,647.543,323.285,0.0,,,,,,,446.0,771.0,149.0,0.0,0.0,322.0,0.0,322.0,0.0,0.0,0.0,0.0,0.0,0.0,0.0,322.0,301.0,0.0,"solar_v,lipo_v"
2020-06-12,2020-06-12T00:00:00Z,2.0,2.0,2.0,0.601,1.202,,,,,715.5,0.0,1431.0,,,0.524,0.0,1.049,,,,,,,,,,,1065.5,861.0,0.0,,,,,,,1.0,1.0,1.0,0.0,0.0,2.0,0.0,2.0,0.0,0.0,0.0,0.0,0.0,0.0,0.0,2.0,2.0,0.0,"solar_v,lipo_v"
